,date,demand,RRP,demand_pos_RRP,RRP_positive,demand_neg_RRP,RRP_negative,frac_at_neg_RRP,min_temperature,max_temperature,solar_exposure,rainfall,school_day,holiday
600,2016-08-23,138640.39,73.18959,138640.39,73.18959,0.0,0.0,0.0,7.0,13.4,14.2,11.0,True,False
601,2016-08-24,141122.8,114.00396,141122.8,114.00396,0.0,0.0,0.0,3.7,12.7,14.0,0.0,True,False
602,2016-08-25,139724.03,74.663055,139724.03,74.663055,0.0,0.0,0.0,6.5,13.0,13.5,1.2,True,False
603,2016-08-26,139920.55,67.627754,139920.55,67.627754,0.0,0.0,0.0,7.2,14.4,8.8,0.6,True,False
604,2016-08-27,119573.22,31.80818,119573.22,31.80818,0.0,0.0,0.0,9.3,16.3,11.7,0.0,True,False
605,2016-08-28,114832.42,29.447681,114832.42,29.447681,0.0,0.0,0.0,10.5,19.0,12.2,0.0,True,False
606,2016-08-29,125055.69,39.14238,125055.69,39.14238,0.0,0.0,0.0,8.7,20.4,14.2,0.0,True,False
607,2016-08-30,133748.44,53.18693,133748.44,53.18693,0.0,0.0,0.0,10.2,16.8,5.2,0.0,True,False
608,2016-08-31,128834.06,32.559017,128834.06,32.559017,0.0,0.0,0.0,12.8,20.2,10.1,0.8,True,False
609,2016-09-01,134246.17,46.80879,134246.17,46.80879,0.0,0.0,0.0,11.6,15.5,8.8,0.0,True,False
610,2016-09-02,135273.33,52.63679,135273.33,52.63679,0.0,0.0,0.0,9.6,15.0,9.6,0.4,True,False
611,2016-09-03,118621.96,35.270782,118621.96,35.270782,0.0,0.0,0.0,10.0,15.7,12.9,0.2,True,False
612,2016-09-04,110986.01,24.512108,110986.01,24.512108,0.0,0.0,0.0,10.1,16.9,10.0,0.2,True,False
613,2016-09-05,127275.81,38.21247,127275.81,38.21247,0.0,0.0,0.0,12.8,18.4,11.7,0.0,True,False
614,2016-09-06,129542.37,28.692646,129542.37,28.692646,0.0,0.0,0.0,9.2,21.5,15.8,0.0,True,False
615,2016-09-07,123307.02,24.18242,123307.02,24.18242,0.0,0.0,0.0,9.6,21.0,16.7,0.0,True,False
616,2016-09-08,117722.95,12.504319,95788.62,20.170834,21934.336,-20.975826,0.22916667,13.1,23.3,16.0,0.0,True,False
617,2016-09-09,125432.6,23.401,125432.6,23.401,0.0,0.0,0.0,16.0,16.7,5.9,0.6,True,False
618,2016-09-10,111412.99,38.55991,111412.99,38.55991,0.0,0.0,0.0,11.5,14.3,7.9,9.4,True,False
619,2016-09-11,109125.22,50.34788,109125.22,50.34788,0.0,0.0,0.0,7.3,17.0,11.8,1.2,True,False
620,2016-09-12,130967.28,68.1772,130967.28,68.1772,0.0,0.0,0.0,9.9,13.6,7.0,1.6,True,False
621,2016-09-13,134720.16,62.068474,134720.16,62.068474,0.0,0.0,0.0,9.6,14.6,2.8,9.0,True,False
622,2016-09-14,130650.88,54.840523,130650.88,54.840523,0.0,0.0,0.0,10.5,16.1,13.2,20.6,True,False
623,2016-09-15,134234.45,42.819916,134234.45,42.819916,0.0,0.0,0.0,8.7,14.6,6.9,2.0,True,False
624,2016-09-16,131734.11,47.043747,131734.11,47.043747,0.0,0.0,0.0,9.0,15.7,12.5,13.4,False,False
625,2016-09-17,106709.54,36.02869,106709.54,36.02869,0.0,0.0,0.0,11.1,19.8,18.8,0.0,False,False
626,2016-09-18,110314.625,48.344868,110314.625,48.344868,0.0,0.0,0.0,10.8,12.5,5.5,0.4,False,False
627,2016-09-19,127391.09,56.44255,127391.09,56.44255,0.0,0.0,0.0,8.5,16.3,16.2,0.2,False,False
628,2016-09-20,122664.305,43.17738,122664.305,43.17738,0.0,0.0,0.0,9.1,18.8,18.5,0.0,False,False
629,2016-09-21,127208.57,52.282833,127208.57,52.282833,0.0,0.0,0.0,10.9,15.2,8.8,1.2,False,False
630,2016-09-22,131357.34,55.701874,131357.34,55.701874,0.0,0.0,0.0,9.6,13.4,9.9,1.2,False,False
631,2016-09-23,127420.43,46.538704,127420.43,46.538704,0.0,0.0,0.0,9.8,16.5,16.5,0.6,False,False
632,2016-09-24,106776.27,43.5566,106776.27,43.5566,0.0,0.0,0.0,10.0,20.1,18.4,0.0,False,False
633,2016-09-25,105931.555,37.69848,105931.555,37.69848,0.0,0.0,0.0,9.5,14.7,17.1,5.8,False,False
634,2016-09-26,124343.19,47.67147,124343.19,47.67147,0.0,0.0,0.0,8.1,16.9,13.6,0.6,False,False
635,2016-09-27,126888.77,49.794506,126888.77,49.794506,0.0,0.0,0.0,7.4,14.8,13.4,12.6,False,False
636,2016-09-28,121143.25,32.431713,121143.25,32.431713,0.0,0.0,0.0,7.5,19.3,19.6,2.2,False,False
637,2016-09-29,122858.49,37.596,122858.49,37.596,0.0,0.0,0.0,12.5,16.7,16.2,1.8,False,False
638,2016-09-30,113439.77,33.063694,113439.77,33.063694,0.0,0.0,0.0,9.3,16.4,16.6,2.0,False,True
639,2016-10-01,109181.26,20.486095,109181.26,20.486095,0.0,0.0,0.0,11.6,18.6,11.9,1.6,False,False
640,2016-10-02,97992.93,13.65687,90684.66,15.093827,7308.275,-4.173602,0.083333336,12.1,24.0,18.7,0.0,False,False
641,2016-10-03,115839.01,21.601744,113550.4,23.507238,2288.615,-72.94,0.020833334,11.1,15.9,13.7,9.2,False,False
642,2016-10-04,124089.47,23.001781,112355.56,29.381975,11733.91,-38.0904,0.125,10.6,17.1,13.2,2.0,True,False
643,2016-10-05,128558.38,41.11513,128558.38,41.11513,0.0,0.0,0.0,8.0,17.1,7.5,2.8,True,False
644,2016-10-06,115898.54,30.189573,115898.54,30.189573,0.0,0.0,0.0,9.7,27.2,22.6,0.0,True,False
645,2016-10-07,116197.73,37.339104,116197.73,37.339104,0.0,0.0,0.0,14.1,22.5,7.8,0.0,True,False
646,2016-10-08,101300.77,35.210342,101300.77,35.210342,0.0,0.0,0.0,9.7,16.9,23.0,0.0,True,False
647,2016-10-09,94954.16,15.903014,91594.945,16.60375,3359.215,-3.2037623,0.041666668,9.5,22.0,14.1,0.0,True,False
648,2016-10-10,116831.43,27.654718,109279.11,29.955948,7552.32,-5.6431785,0.083333336,13.0,16.8,18.4,0.8,True,False
649,2016-10-11,124665.82,38.199947,124665.82,38.199947,0.0,0.0,0.0,7.5,15.1,16.7,1.4,True,False
650,2016-10-12,128612.3,44.770645,128612.3,44.770645,0.0,0.0,0.0,10.2,15.4,12.9,0.0,True,False
651,2016-10-13,128242.766,58.353085,128242.766,58.353085,0.0,0.0,0.0,6.8,14.6,22.8,4.2,True,False
652,2016-10-14,121731.484,43.966507,121731.484,43.966507,0.0,0.0,0.0,5.2,22.7,24.5,0.2,True,False
653,2016-10-15,97887.484,12.698329,88673.47,14.460175,9214.015,-4.257256,0.104166664,9.4,24.8,21.8,0.0,True,False
654,2016-10-16,101793.03,22.029095,100052.44,22.47496,1740.595,-3.6,0.020833334,17.4,23.1,8.0,0.0,True,False
655,2016-10-17,116042.84,29.596682,116042.84,29.596682,0.0,0.0,0.0,9.8,18.9,14.8,9.8,True,False
656,2016-10-18,123265.44,36.721214,123265.44,36.721214,0.0,0.0,0.0,9.6,16.6,16.5,1.0,True,False
657,2016-10-19,126362.05,60.68303,126362.05,60.68303,0.0,0.0,0.0,7.5,16.5,22.1,2.6,True,False
658,2016-10-20,114867.16,27.425827,112389.11,28.030535,2478.05,0.0,0.020833334,6.8,21.8,25.6,0.0,True,False
659,2016-10-21,122975.28,43.24473,119216.83,44.867027,3758.46,-8.21377,0.041666668,14.8,17.6,1.9,0.0,True,False
660,2016-10-22,114184.195,38.711132,114184.195,38.711132,0.0,0.0,0.0,6.9,13.2,16.9,16.4,True,False
661,2016-10-23,111289.0,40.918556,111289.0,40.918556,0.0,0.0,0.0,7.9,14.1,18.7,8.8,True,False
662,2016-10-24,125270.164,66.51337,125270.164,66.51337,0.0,0.0,0.0,9.4,17.1,20.3,0.4,True,False
663,2016-10-25,117138.35,37.02215,117138.35,37.02215,0.0,0.0,0.0,9.6,25.7,23.1,0.2,True,False
664,2016-10-26,121605.4,55.41635,121605.4,55.41635,0.0,0.0,0.0,16.5,18.5,9.0,0.0,True,False
665,2016-10-27,120142.43,43.48054,120142.43,43.48054,0.0,0.0,0.0,10.1,15.4,25.8,0.2,True,False
666,2016-10-28,119820.71,54.509747,119820.71,54.509747,0.0,0.0,0.0,6.3,16.6,26.5,0.0,True,False
667,2016-10-29,104191.1,21.285648,104191.1,21.285648,0.0,0.0,0.0,9.3,25.6,25.8,0.0,True,False
668,2016-10-30,94325.72,6.8691344,65215.145,14.167929,29110.574,-9.482034,0.33333334,12.7,28.0,19.5,0.0,True,False
669,2016-10-31,110661.43,19.0809,110661.43,19.0809,0.0,0.0,0.0,7.9,17.5,19.0,1.8,True,False
670,2016-11-01,104976.21,17.418201,104976.21,17.418201,0.0,0.0,0.0,9.4,18.4,17.7,0.4,True,True
671,2016-11-02,119904.48,46.645668,119904.48,46.645668,0.0,0.0,0.0,9.7,18.5,13.3,0.4,True,False
672,2016-11-03,118677.49,60.221046,118677.49,60.221046,0.0,0.0,0.0,10.0,19.1,28.0,0.0,True,False
673,2016-11-04,113666.484,25.95235,113666.484,25.95235,0.0,0.0,0.0,10.2,29.2,24.9,0.0,True,False
674,2016-11-05,101810.75,15.264688,98124.43,15.936837,3686.32,-2.6269486,0.041666668,10.0,16.8,10.8,0.0,True,False
675,2016-11-06,96934.92,24.158762,88023.66,28.324396,8911.27,-16.988497,0.104166664,11.5,21.4,25.2,0.0,True,False
676,2016-11-07,116230.34,30.367058,104936.89,34.294502,11293.45,-6.126115,0.125,14.6,25.9,15.9,0.0,True,False
677,2016-11-08,117794.59,53.922005,117794.59,53.922005,0.0,0.0,0.0,11.0,18.2,28.9,0.2,True,False
678,2016-11-09,122131.12,55.662205,122131.12,55.662205,0.0,0.0,0.0,9.2,17.4,22.0,0.0,True,False
679,2016-11-10,122634.53,48.70697,122634.53,48.70697,0.0,0.0,0.0,11.9,17.5,20.3,0.0,True,False
680,2016-11-11,117953.88,26.823982,117953.88,26.823982,0.0,0.0,0.0,8.4,23.8,29.1,0.0,True,False
681,2016-11-12,99907.32,10.832116,77434.625,20.379038,22472.695,-22.063904,0.22916667,13.2,25.5,17.0,2.0,True,False
682,2016-11-13,96805.92,10.725642,85044.94,14.807393,11760.99,-18.789925,0.125,11.7,19.0,9.7,2.0,True,False
683,2016-11-14,116817.15,39.499737,116817.15,39.499737,0.0,0.0,0.0,11.5,15.9,14.8,8.6,True,False
684,2016-11-15,119905.59,26.908388,117939.02,27.845798,1966.57,-29.31,0.020833334,11.0,19.2,17.1,0.0,True,False
685,2016-11-16,122146.66,35.630684,122146.66,35.630684,0.0,0.0,0.0,11.9,21.6,25.8,0.0,True,False
686,2016-11-17,122464.65,28.555077,122464.65,28.555077,0.0,0.0,0.0,12.0,31.4,28.8,0.0,True,False
687,2016-11-18,121441.05,31.775799,121441.05,31.775799,0.0,0.0,0.0,15.3,18.9,15.6,0.0,True,False
688,2016-11-19,106868.5,24.655993,106868.5,24.655993,0.0,0.0,0.0,11.7,19.4,29.9,0.0,True,False
689,2016-11-20,112098.336,43.08595,112098.336,43.08595,0.0,0.0,0.0,11.9,33.3,22.1,0.0,True,False
690,2016-11-21,138681.81,51.035267,138681.81,51.035267,0.0,0.0,0.0,17.9,35.0,19.8,0.0,True,False
691,2016-11-22,126617.72,37.021294,123785.48,44.485092,2832.245,-289.19,0.020833334,14.5,14.9,1.5,8.6,True,False
692,2016-11-23,118119.01,41.91227,118119.01,41.91227,0.0,0.0,0.0,11.0,16.8,16.9,5.4,True,False
693,2016-11-24,120308.55,38.059402,120308.55,38.059402,0.0,0.0,0.0,10.3,17.0,21.6,2.2,True,False
694,2016-11-25,116011.56,27.616491,116011.56,27.616491,0.0,0.0,0.0,10.9,17.9,15.7,0.8,True,False
695,2016-11-26,104700.055,23.790583,104700.055,23.790583,0.0,0.0,0.0,12.2,17.4,18.8,0.0,True,False
696,2016-11-27,102718.9,37.003944,102718.9,37.003944,0.0,0.0,0.0,11.6,16.3,10.1,0.4,True,False
697,2016-11-28,118666.37,65.39278,118666.37,65.39278,0.0,0.0,0.0,12.2,19.6,24.4,0.2,True,False
698,2016-11-29,119169.17,63.429966,119169.17,63.429966,0.0,0.0,0.0,10.4,20.0,31.0,0.2,True,False
699,2016-11-30,121067.59,76.02598,121067.59,76.02598,0.0,0.0,0.0,13.3,18.9,9.6,0.0,True,False
700,2016-12-01,113024.02,56.012306,113024.02,56.012306,0.0,0.0,0.0,12.9,21.9,28.0,0.0,True,False
701,2016-12-02,109318.35,41.499435,109318.35,41.499435,0.0,0.0,0.0,13.0,21.6,29.7,0.0,True,False
702,2016-12-03,98899.49,29.203053,98899.49,29.203053,0.0,0.0,0.0,9.9,23.9,31.2,0.0,True,False
703,2016-12-04,97300.36,43.732742,97300.36,43.732742,0.0,0.0,0.0,12.7,31.7,14.1,0.0,True,False
704,2016-12-05,109670.0,25.294384,101828.79,33.124706,7841.21,-76.393,0.083333336,16.9,21.5,21.6,2.4,True,False
705,2016-12-06,111228.06,48.412487,111228.06,48.412487,0.0,0.0,0.0,12.8,20.8,24.2,0.0,True,False
706,2016-12-07,112738.08,44.722057,112738.08,44.722057,0.0,0.0,0.0,10.5,28.3,30.8,0.0,True,False
707,2016-12-08,105445.65,25.85386,105445.65,25.85386,0.0,0.0,0.0,15.4,23.2,11.6,2.2,True,False
708,2016-12-09,105664.09,25.118195,105664.09,25.118195,0.0,0.0,0.0,10.0,17.3,23.2,6.6,True,False
709,2016-12-10,98622.87,19.311668,98622.87,19.311668,0.0,0.0,0.0,11.2,18.8,24.2,0.2,True,False
710,2016-12-11,93673.19,16.396688,93673.19,16.396688,0.0,0.0,0.0,12.9,19.3,27.0,1.0,True,False
711,2016-12-12,120390.11,45.157574,120390.11,45.157574,0.0,0.0,0.0,10.7,32.8,30.0,0.0,True,False
712,2016-12-13,128831.65,44.693024,128831.65,44.693024,0.0,0.0,0.0,16.5,36.3,14.1,0.0,True,False
713,2016-12-14,111423.766,19.919106,109320.03,20.608017,2103.73,-15.88,0.020833334,15.7,19.3,21.3,0.0,True,False
714,2016-12-15,107072.36,31.145308,107072.36,31.145308,0.0,0.0,0.0,11.7,18.6,30.8,0.0,True,False
715,2016-12-16,113698.06,48.856884,113698.06,48.856884,0.0,0.0,0.0,9.7,25.5,20.5,0.0,True,False
716,2016-12-17,90227.48,23.576231,90227.48,23.576231,0.0,0.0,0.0,15.1,20.9,22.5,0.0,True,False
717,2016-12-18,90911.086,26.493599,90911.086,26.493599,0.0,0.0,0.0,10.0,17.5,30.3,0.0,True,False
718,2016-12-19,109260.305,28.684832,109260.305,28.684832,0.0,0.0,0.0,8.8,30.2,29.3,0.0,True,False
719,2016-12-20,106451.26,16.129856,104409.27,19.381086,2041.98,-150.11,0.020833334,14.4,21.5,26.0,3.0,False,False
720,2016-12-21,104389.51,21.345875,104389.51,21.345875,0.0,0.0,0.0,13.5,19.9,28.8,0.2,False,False
721,2016-12-22,105513.234,20.976236,105513.234,20.976236,0.0,0.0,0.0,14.6,20.0,29.6,0.0,False,False
722,2016-12-23,112247.945,24.329346,112247.945,24.329346,0.0,0.0,0.0,12.5,26.3,28.7,0.0,False,False
723,2016-12-24,114843.875,34.69311,114843.875,34.69311,0.0,0.0,0.0,16.2,34.9,26.3,0.8,False,False
724,2016-12-25,114468.17,28.64743,114468.17,28.64743,0.0,0.0,0.0,16.4,36.3,32.3,0.2,False,False
725,2016-12-26,106284.83,22.910357,106284.83,22.910357,0.0,0.0,0.0,25.4,29.3,10.2,0.0,False,True
726,2016-12-27,99701.43,23.813538,99701.43,23.813538,0.0,0.0,0.0,18.0,29.8,5.8,1.6,False,True
727,2016-12-28,123693.52,40.28251,123693.52,40.28251,0.0,0.0,0.0,20.3,38.2,15.1,1.0,False,False
728,2016-12-29,135571.8,47.145004,135571.8,47.145004,0.0,0.0,0.0,27.0,33.5,15.7,0.0,False,False
729,2016-12-30,112141.83,24.065077,112141.83,24.065077,0.0,0.0,0.0,20.1,27.8,28.8,20.4,False,False
730,2016-12-31,95728.15,17.598228,95728.15,17.598228,0.0,0.0,0.0,17.3,23.8,30.8,0.0,False,False
731,2017-01-01,89403.15,25.846762,89403.15,25.846762,0.0,0.0,0.0,16.8,21.1,8.5,0.0,False,True
732,2017-01-02,86507.47,30.618702,86507.47,30.618702,0.0,0.0,0.0,14.8,17.8,7.8,0.4,False,True
733,2017-01-03,97564.74,28.686954,97564.74,28.686954,0.0,0.0,0.0,14.6,19.5,25.9,0.4,False,False
734,2017-01-04,116606.8,56.972782,116606.8,56.972782,0.0,0.0,0.0,13.3,29.3,31.6,0.0,False,False
735,2017-01-05,128079.84,73.45826,128079.84,73.45826,0.0,0.0,0.0,18.5,31.7,29.7,0.0,False,False
736,2017-01-06,136308.73,97.6992,136308.73,97.6992,0.0,0.0,0.0,18.3,35.2,30.1,0.0,False,False
737,2017-01-07,134955.02,77.603,134955.02,77.603,0.0,0.0,0.0,20.9,36.7,28.5,0.0,False,False
738,2017-01-08,122777.02,69.22481,122777.02,69.22481,0.0,0.0,0.0,28.0,33.1,29.3,0.0,False,False
739,2017-01-09,116211.99,68.099525,116211.99,68.099525,0.0,0.0,0.0,18.5,24.4,14.3,0.0,False,False
740,2017-01-10,120366.32,72.81306,120366.32,72.81306,0.0,0.0,0.0,17.7,26.2,28.6,0.0,False,False
741,2017-01-11,111595.85,65.744514,111595.85,65.744514,0.0,0.0,0.0,16.6,24.3,25.9,0.0,False,False
742,2017-01-12,118783.945,70.4904,118783.945,70.4904,0.0,0.0,0.0,14.9,26.5,30.7,0.0,False,False
743,2017-01-13,111341.67,70.01219,111341.67,70.01219,0.0,0.0,0.0,17.5,28.8,1.3,1.4,False,False
744,2017-01-14,88996.625,42.294834,88996.625,42.294834,0.0,0.0,0.0,15.2,23.5,16.5,2.6,False,False
745,2017-01-15,90294.0,55.444298,90294.0,55.444298,0.0,0.0,0.0,15.2,21.5,22.7,0.0,False,False
746,2017-01-16,120928.7,108.16706,120928.7,108.16706,0.0,0.0,0.0,12.2,32.7,30.5,0.0,False,False
747,2017-01-17,140517.66,129.23766,140517.66,129.23766,0.0,0.0,0.0,16.4,37.8,25.5,0.0,False,False
748,2017-01-18,111211.35,75.16562,111211.35,75.16562,0.0,0.0,0.0,15.6,20.8,27.5,0.0,False,False
749,2017-01-19,112371.41,62.88513,112371.41,62.88513,0.0,0.0,0.0,11.0,23.4,29.7,0.0,False,False
750,2017-01-20,107937.69,38.993114,107937.69,38.993114,0.0,0.0,0.0,16.1,20.8,13.2,22.6,False,False
751,2017-01-21,96779.07,46.479115,96779.07,46.479115,0.0,0.0,0.0,15.3,22.6,25.1,0.6,False,False
752,2017-01-22,103291.61,60.78453,103291.61,60.78453,0.0,0.0,0.0,12.7,29.6,30.3,0.0,False,False
753,2017-01-23,141332.06,79.114395,141332.06,79.114395,0.0,0.0,0.0,17.8,36.7,19.2,0.0,False,False
754,2017-01-24,115664.16,59.81718,115664.16,59.81718,0.0,0.0,0.0,19.1,22.0,27.6,0.6,False,False
755,2017-01-25,111936.7,58.875134,111936.7,58.875134,0.0,0.0,0.0,13.5,21.1,29.8,0.0,False,False
756,2017-01-26,98590.06,37.8449,98590.06,37.8449,0.0,0.0,0.0,16.4,21.2,16.9,0.0,False,True
757,2017-01-27,112513.82,69.65718,112513.82,69.65718,0.0,0.0,0.0,17.0,23.6,29.3,0.0,False,False
758,2017-01-28,108336.53,74.062546,108336.53,74.062546,0.0,0.0,0.0,15.0,29.2,29.2,0.0,False,False
759,2017-01-29,109020.58,76.58688,109020.58,76.58688,0.0,0.0,0.0,15.1,27.0,29.4,0.0,False,False
760,2017-01-30,124292.95,96.16859,124292.95,96.16859,0.0,0.0,0.0,17.8,30.0,3.7,0.0,False,False
761,2017-01-31,112863.01,58.791267,112863.01,58.791267,0.0,0.0,0.0,16.5,22.1,26.8,3.0,True,False
762,2017-02-01,114133.73,66.863304,114133.73,66.863304,0.0,0.0,0.0,14.3,20.6,9.3,0.0,True,False
763,2017-02-02,110669.27,82.46801,110669.27,82.46801,0.0,0.0,0.0,14.2,24.1,28.2,0.0,True,False
764,2017-02-03,117452.27,87.111015,117452.27,87.111015,0.0,0.0,0.0,15.4,27.6,28.1,0.0,True,False
765,2017-02-04,117361.7,80.817314,117361.7,80.817314,0.0,0.0,0.0,14.6,35.9,27.3,0.0,True,False
766,2017-02-05,110384.27,113.87037,110384.27,113.87037,0.0,0.0,0.0,18.5,30.7,9.3,0.0,True,False
767,2017-02-06,108761.37,92.1018,108761.37,92.1018,0.0,0.0,0.0,15.1,18.0,3.9,32.4,True,False
768,2017-02-07,111543.81,69.06961,111543.81,69.06961,0.0,0.0,0.0,15.4,27.6,27.9,0.0,True,False
769,2017-02-08,142213.66,135.06128,142213.66,135.06128,0.0,0.0,0.0,16.5,36.0,27.7,0.0,True,False
770,2017-02-09,155060.61,156.69955,151642.62,163.71709,3417.99,-154.64,0.020833334,20.3,36.0,24.4,0.0,True,False
771,2017-02-10,138793.6,213.33943,138793.6,213.33943,0.0,0.0,0.0,18.7,27.1,21.3,0.0,True,False
772,2017-02-11,111983.51,97.608,107317.05,103.01278,4666.465,-26.688288,0.041666668,18.5,24.6,21.0,0.0,True,False
773,2017-02-12,89003.15,19.865114,87262.24,26.626162,1740.905,-319.03,0.020833334,15.1,19.9,12.6,2.0,True,False
774,2017-02-13,104844.1,69.04133,104844.1,69.04133,0.0,0.0,0.0,14.0,21.0,20.5,0.0,True,False
775,2017-02-14,111613.05,90.69389,111613.05,90.69389,0.0,0.0,0.0,14.5,19.5,15.6,0.6,True,False
776,2017-02-15,116299.39,79.04438,116299.39,79.04438,0.0,0.0,0.0,10.0,31.5,26.0,0.0,True,False
777,2017-02-16,119947.59,112.88703,119947.59,112.88703,0.0,0.0,0.0,14.9,23.6,23.2,0.0,True,False
778,2017-02-17,111885.97,93.73261,111885.97,93.73261,0.0,0.0,0.0,13.7,25.5,18.4,0.0,True,False
779,2017-02-18,95623.35,49.818157,95623.35,49.818157,0.0,0.0,0.0,13.3,18.9,16.1,0.0,True,False
780,2017-02-19,91280.02,53.120205,91280.02,53.120205,0.0,0.0,0.0,11.7,17.3,9.9,0.0,True,False
781,2017-02-20,105341.87,93.7267,105341.87,93.7267,0.0,0.0,0.0,11.6,20.3,22.4,3.6,True,False
782,2017-02-21,112351.47,103.24843,112351.47,103.24843,0.0,0.0,0.0,10.1,24.0,25.0,0.2,True,False
783,2017-02-22,116690.17,78.05784,116690.17,78.05784,0.0,0.0,0.0,12.8,33.3,23.1,0.0,True,False
784,2017-02-23,117948.69,102.36177,117948.69,102.36177,0.0,0.0,0.0,15.9,25.0,23.5,0.0,True,False
785,2017-02-24,111229.52,98.2108,111229.52,98.2108,0.0,0.0,0.0,15.8,20.0,13.2,1.4,True,False
786,2017-02-25,95046.91,45.60929,95046.91,45.60929,0.0,0.0,0.0,13.7,19.4,23.9,0.0,True,False
787,2017-02-26,100495.62,56.02642,100495.62,56.02642,0.0,0.0,0.0,13.2,29.8,24.2,0.0,True,False
788,2017-02-27,131090.78,96.55007,129066.086,98.15691,2024.69,-5.88,0.020833334,15.6,33.1,23.9,0.0,True,False
789,2017-02-28,140167.5,99.94564,140167.5,99.94564,0.0,0.0,0.0,17.3,33.6,23.6,0.0,True,False
790,2017-03-01,137291.97,86.004,137291.97,86.004,0.0,0.0,0.0,16.6,30.5,23.7,0.0,True,False
791,2017-03-02,127633.27,85.49844,127633.27,85.49844,0.0,0.0,0.0,17.7,23.3,22.0,0.0,True,False
792,2017-03-03,124311.33,73.9293,124311.33,73.9293,0.0,0.0,0.0,18.1,28.6,18.1,0.0,True,False
793,2017-03-04,116083.3,77.59564,116083.3,77.59564,0.0,0.0,0.0,16.1,27.4,23.0,0.0,True,False
794,2017-03-05,103539.02,45.460747,103539.02,45.460747,0.0,0.0,0.0,17.6,25.4,16.8,0.2,True,False
795,2017-03-06,116447.85,56.634148,116447.85,56.634148,0.0,0.0,0.0,17.7,27.4,22.3,0.0,True,False
796,2017-03-07,117931.46,57.51614,117931.46,57.51614,0.0,0.0,0.0,15.0,28.2,22.4,0.0,True,False
797,2017-03-08,124370.766,73.923134,124370.766,73.923134,0.0,0.0,0.0,14.2,31.5,22.1,0.0,True,False
798,2017-03-09,129649.25,83.88969,129649.25,83.88969,0.0,0.0,0.0,15.0,32.3,21.1,0.0,True,False
799,2017-03-10,125346.08,82.03454,125346.08,82.03454,0.0,0.0,0.0,18.5,23.8,19.4,0.0,True,False
800,2017-03-11,108816.81,50.762325,108816.81,50.762325,0.0,0.0,0.0,18.0,26.4,13.9,0.0,True,False
801,2017-03-12,102617.51,42.48056,100531.81,44.39155,2085.7,-49.63,0.020833334,17.9,27.1,19.6,0.0,True,False
802,2017-03-13,104468.9,66.84372,104468.9,66.84372,0.0,0.0,0.0,15.7,24.3,20.7,0.2,True,True
803,2017-03-14,133227.78,101.44236,133227.78,101.44236,0.0,0.0,0.0,18.8,32.7,20.8,0.0,True,False
804,2017-03-15,139672.83,102.012215,139672.83,102.012215,0.0,0.0,0.0,20.8,33.2,18.9,0.0,True,False
805,2017-03-16,124255.98,87.89402,124255.98,87.89402,0.0,0.0,0.0,21.7,23.0,4.8,1.8,True,False
806,2017-03-17,111612.08,70.74607,111612.08,70.74607,0.0,0.0,0.0,15.8,22.1,20.1,0.0,True,False
807,2017-03-18,107731.78,68.8771,107731.78,68.8771,0.0,0.0,0.0,12.4,30.8,19.9,0.0,True,False
808,2017-03-19,113593.82,121.12201,113593.82,121.12201,0.0,0.0,0.0,14.5,33.5,19.7,0.0,True,False
809,2017-03-20,131980.98,184.82349,131980.98,184.82349,0.0,0.0,0.0,19.3,28.0,11.3,0.0,True,False
810,2017-03-21,127625.37,112.903694,127625.37,112.903694,0.0,0.0,0.0,19.9,26.1,6.1,4.4,True,False
811,2017-03-22,114696.37,77.00029,114696.37,77.00029,0.0,0.0,0.0,17.8,21.8,7.3,9.2,True,False
812,2017-03-23,111632.836,97.82306,111632.836,97.82306,0.0,0.0,0.0,16.2,25.1,17.2,0.0,True,False
813,2017-03-24,115411.41,118.44961,115411.41,118.44961,0.0,0.0,0.0,13.9,24.7,16.1,0.0,True,False
814,2017-03-25,107465.98,138.79475,107465.98,138.79475,0.0,0.0,0.0,15.3,29.7,13.5,0.0,True,False
815,2017-03-26,104189.1,147.48059,104189.1,147.48059,0.0,0.0,0.0,19.3,26.7,14.6,0.0,True,False
816,2017-03-27,116237.22,118.5622,116237.22,118.5622,0.0,0.0,0.0,19.3,31.9,7.6,0.0,True,False
817,2017-03-28,111032.98,121.90563,111032.98,121.90563,0.0,0.0,0.0,11.9,24.3,17.8,4.2,True,False
818,2017-03-29,109640.33,133.79826,109640.33,133.79826,0.0,0.0,0.0,13.9,27.2,14.7,0.2,True,False
819,2017-03-30,107491.87,115.19021,107491.87,115.19021,0.0,0.0,0.0,10.2,17.9,13.0,3.4,True,False
820,2017-03-31,110662.24,145.21906,110662.24,145.21906,0.0,0.0,0.0,10.1,17.9,12.3,2.8,False,False
821,2017-04-01,97402.266,99.24918,97402.266,99.24918,0.0,0.0,0.0,10.0,19.0,13.5,0.0,False,False
822,2017-04-02,94477.09,92.91573,94477.09,92.91573,0.0,0.0,0.0,11.7,18.2,10.1,0.4,False,False
823,2017-04-03,107895.52,106.452156,107895.52,106.452156,0.0,0.0,0.0,8.2,21.5,16.8,0.0,False,False
824,2017-04-04,113138.67,122.661476,113138.67,122.661476,0.0,0.0,0.0,10.0,24.4,16.4,0.0,False,False
825,2017-04-05,114191.35,142.28043,114191.35,142.28043,0.0,0.0,0.0,11.0,25.4,15.8,0.0,False,False
826,2017-04-06,114817.305,126.181984,114817.305,126.181984,0.0,0.0,0.0,12.0,26.6,13.5,0.0,False,False
827,2017-04-07,110160.02,101.33042,110160.02,101.33042,0.0,0.0,0.0,12.7,26.2,15.6,0.0,False,False
828,2017-04-08,99084.74,95.86798,99084.74,95.86798,0.0,0.0,0.0,18.6,28.1,13.8,0.0,False,False
829,2017-04-09,96041.9,74.59164,96041.9,74.59164,0.0,0.0,0.0,11.7,15.2,6.5,10.6,False,False
830,2017-04-10,113287.055,111.80049,113287.055,111.80049,0.0,0.0,0.0,9.0,17.0,3.0,25.4,False,False
831,2017-04-11,114159.97,130.03688,114159.97,130.03688,0.0,0.0,0.0,12.3,18.5,13.5,15.4,False,False
832,2017-04-12,114335.99,126.572876,114335.99,126.572876,0.0,0.0,0.0,10.8,19.3,14.0,0.0,False,False
833,2017-04-13,112704.05,117.53565,112704.05,117.53565,0.0,0.0,0.0,10.9,22.2,13.9,0.0,False,False
834,2017-04-14,97436.41,109.76502,97436.41,109.76502,0.0,0.0,0.0,13.0,17.9,8.9,0.0,False,True
835,2017-04-15,99608.57,116.78285,99608.57,116.78285,0.0,0.0,0.0,11.8,17.3,9.7,0.0,False,True
836,2017-04-16,96594.74,95.64641,96594.74,95.64641,0.0,0.0,0.0,9.9,22.6,10.1,0.0,False,True
837,2017-04-17,99945.49,104.578186,99945.49,104.578186,0.0,0.0,0.0,11.1,18.3,10.9,0.0,False,True
838,2017-04-18,111955.17,112.82471,111955.17,112.82471,0.0,0.0,0.0,9.5,20.4,13.7,0.0,False,False
839,2017-04-19,114436.97,101.31455,114436.97,101.31455,0.0,0.0,0.0,13.0,26.9,12.7,0.0,True,False
840,2017-04-20,112816.68,104.0781,112816.68,104.0781,0.0,0.0,0.0,14.6,26.5,12.4,0.0,True,False
841,2017-04-21,114522.44,133.2266,114522.44,133.2266,0.0,0.0,0.0,16.5,20.9,3.6,9.4,True,False
842,2017-04-22,102528.4,111.66712,102528.4,111.66712,0.0,0.0,0.0,16.9,22.5,11.8,4.6,True,False
843,2017-04-23,97356.56,90.726654,97356.56,90.726654,0.0,0.0,0.0,14.4,21.8,11.9,0.0,True,False
844,2017-04-24,109421.81,113.258934,109421.81,113.258934,0.0,0.0,0.0,15.9,24.7,9.9,0.0,True,False
845,2017-04-25,101548.734,86.79007,101548.734,86.79007,0.0,0.0,0.0,16.2,17.7,5.8,21.6,True,True
846,2017-04-26,116795.24,100.698685,116795.24,100.698685,0.0,0.0,0.0,10.1,14.5,6.4,20.0,True,False
847,2017-04-27,126329.53,145.68274,126329.53,145.68274,0.0,0.0,0.0,8.3,15.6,7.1,15.4,True,False
848,2017-04-28,120144.19,120.809525,120144.19,120.809525,0.0,0.0,0.0,9.4,19.8,6.0,0.4,True,False
849,2017-04-29,104864.05,100.81967,104864.05,100.81967,0.0,0.0,0.0,14.9,18.1,7.9,0.2,True,False
850,2017-04-30,103756.53,109.57729,103756.53,109.57729,0.0,0.0,0.0,13.6,17.8,7.3,0.0,True,False
851,2017-05-01,115103.77,99.15948,115103.77,99.15948,0.0,0.0,0.0,13.6,20.4,8.7,0.0,True,False
852,2017-05-02,120718.64,109.92277,120718.64,109.92277,0.0,0.0,0.0,10.4,15.2,9.4,2.4,True,False
853,2017-05-03,129196.445,128.63995,129196.445,128.63995,0.0,0.0,0.0,7.4,15.3,10.8,0.8,True,False
854,2017-05-04,127260.05,123.47207,127260.05,123.47207,0.0,0.0,0.0,5.8,16.9,12.0,0.0,True,False
855,2017-05-05,123150.38,108.288605,123150.38,108.288605,0.0,0.0,0.0,6.2,20.5,10.6,0.0,True,False
856,2017-05-06,105013.07,81.77833,105013.07,81.77833,0.0,0.0,0.0,9.6,20.0,6.1,0.2,True,False
857,2017-05-07,107424.07,104.9084,107424.07,104.9084,0.0,0.0,0.0,8.9,14.8,9.4,1.4,True,False
858,2017-05-08,125858.27,132.97353,125858.27,132.97353,0.0,0.0,0.0,10.1,15.8,7.2,1.8,True,False
859,2017-05-09,126760.71,138.99141,126760.71,138.99141,0.0,0.0,0.0,10.9,15.9,7.3,1.6,True,False
860,2017-05-10,125747.734,149.62274,125747.734,149.62274,0.0,0.0,0.0,8.1,17.7,11.3,0.0,True,False
861,2017-05-11,128753.13,170.29265,128753.13,170.29265,0.0,0.0,0.0,6.1,16.5,8.6,0.0,True,False
862,2017-05-12,123523.0,129.30937,123523.0,129.30937,0.0,0.0,0.0,5.9,19.5,9.9,0.0,True,False
863,2017-05-13,109477.42,130.31683,109477.42,130.31683,0.0,0.0,0.0,8.4,15.6,10.1,0.2,True,False
864,2017-05-14,107497.03,126.917496,107497.03,126.917496,0.0,0.0,0.0,6.4,15.1,7.7,0.0,True,False
865,2017-05-15,125871.914,134.64203,125871.914,134.64203,0.0,0.0,0.0,6.3,16.9,8.2,0.0,True,False
866,2017-05-16,127820.72,128.31491,127820.72,128.31491,0.0,0.0,0.0,5.6,18.2,9.0,0.0,True,False
867,2017-05-17,125072.67,123.8346,125072.67,123.8346,0.0,0.0,0.0,7.6,17.0,3.8,0.0,True,False
868,2017-05-18,122910.48,107.84234,122910.48,107.84234,0.0,0.0,0.0,10.7,20.2,9.8,0.8,True,False
869,2017-05-19,123351.45,96.44025,123351.45,96.44025,0.0,0.0,0.0,10.2,17.8,2.5,0.0,True,False
870,2017-05-20,109111.62,88.13588,109111.62,88.13588,0.0,0.0,0.0,10.2,19.3,9.8,0.0,True,False
871,2017-05-21,105912.16,76.78218,105912.16,76.78218,0.0,0.0,0.0,10.8,18.7,6.8,0.0,True,False
872,2017-05-22,113551.04,72.93149,113551.04,72.93149,0.0,0.0,0.0,10.4,20.3,10.1,0.0,True,False
873,2017-05-23,119127.2,96.83763,119127.2,96.83763,0.0,0.0,0.0,12.8,19.3,7.4,0.0,True,False
874,2017-05-24,121571.97,103.241035,121571.97,103.241035,0.0,0.0,0.0,11.7,17.1,8.0,0.0,True,False
875,2017-05-25,124010.03,108.51901,124010.03,108.51901,0.0,0.0,0.0,13.7,18.5,5.7,0.0,True,False
876,2017-05-26,123130.6,94.69623,123130.6,94.69623,0.0,0.0,0.0,13.1,18.0,8.2,0.0,True,False
877,2017-05-27,104643.67,60.860104,104643.67,60.860104,0.0,0.0,0.0,11.9,17.8,8.3,0.0,True,False
878,2017-05-28,110029.55,72.341644,110029.55,72.341644,0.0,0.0,0.0,10.2,15.3,7.6,6.8,True,False
879,2017-05-29,130516.1,96.08478,130516.1,96.08478,0.0,0.0,0.0,7.7,14.8,8.0,1.4,True,False
880,2017-05-30,132762.38,95.71448,132762.38,95.71448,0.0,0.0,0.0,9.3,13.1,6.9,2.2,True,False
881,2017-05-31,139030.8,120.64923,139030.8,120.64923,0.0,0.0,0.0,6.7,13.0,8.5,5.4,True,False
882,2017-06-01,140202.73,113.311615,140202.73,113.311615,0.0,0.0,0.0,7.9,13.9,4.7,0.4,True,False
883,2017-06-02,136856.8,96.837746,136856.8,96.837746,0.0,0.0,0.0,8.0,14.7,7.3,0.0,True,False
884,2017-06-03,122161.41,107.24573,122161.41,107.24573,0.0,0.0,0.0,9.9,14.3,8.3,0.0,True,False
885,2017-06-04,118953.95,109.74297,118953.95,109.74297,0.0,0.0,0.0,4.4,15.8,9.3,0.0,True,False
886,2017-06-05,132877.45,101.13228,132877.45,101.13228,0.0,0.0,0.0,5.6,17.5,5.0,0.0,True,False
887,2017-06-06,133274.53,97.89246,133274.53,97.89246,0.0,0.0,0.0,8.7,13.9,6.3,6.4,True,False
888,2017-06-07,136116.12,105.69617,136116.12,105.69617,0.0,0.0,0.0,5.9,14.3,9.2,0.0,True,False
889,2017-06-08,139511.78,110.12687,139511.78,110.12687,0.0,0.0,0.0,3.6,15.0,7.2,0.0,True,False
890,2017-06-09,130994.54,99.977135,130994.54,99.977135,0.0,0.0,0.0,6.6,15.0,7.8,1.8,True,False
891,2017-06-10,120698.914,97.62212,120698.914,97.62212,0.0,0.0,0.0,7.0,15.8,8.9,0.0,True,False
892,2017-06-11,113374.47,87.88339,113374.47,87.88339,0.0,0.0,0.0,3.4,15.5,8.6,0.2,True,False
893,2017-06-12,117691.69,101.7061,117691.69,101.7061,0.0,0.0,0.0,6.0,15.9,5.1,0.0,True,True
894,2017-06-13,135184.95,109.95124,135184.95,109.95124,0.0,0.0,0.0,8.8,15.1,6.6,0.0,True,False
895,2017-06-14,136253.42,93.58978,136253.42,93.58978,0.0,0.0,0.0,4.0,17.4,8.9,0.0,True,False
896,2017-06-15,135303.25,102.83727,135303.25,102.83727,0.0,0.0,0.0,7.7,19.0,7.4,0.0,True,False
897,2017-06-16,135269.64,107.36222,135269.64,107.36222,0.0,0.0,0.0,6.6,17.1,8.9,0.0,True,False
898,2017-06-17,121178.68,104.28759,121178.68,104.28759,0.0,0.0,0.0,4.2,15.5,9.2,0.0,True,False
899,2017-06-18,116112.74,93.61693,116112.74,93.61693,0.0,0.0,0.0,5.4,16.3,7.9,0.0,True,False
900,2017-06-19,134925.73,95.96949,134925.73,95.96949,0.0,0.0,0.0,7.1,16.1,6.0,0.0,True,False
901,2017-06-20,131996.97,85.79783,131996.97,85.79783,0.0,0.0,0.0,6.4,15.8,9.2,0.0,True,False
902,2017-06-21,139814.3,106.96673,139814.3,106.96673,0.0,0.0,0.0,7.8,13.5,5.0,0.6,True,False
903,2017-06-22,140348.56,94.85897,140348.56,94.85897,0.0,0.0,0.0,6.7,14.1,6.7,0.2,True,False
904,2017-06-23,132029.58,80.269936,132029.58,80.269936,0.0,0.0,0.0,7.4,14.9,8.2,0.0,True,False
905,2017-06-24,122393.33,84.97095,122393.33,84.97095,0.0,0.0,0.0,8.3,12.3,7.3,1.4,True,False
906,2017-06-25,118103.87,72.870514,118103.87,72.870514,0.0,0.0,0.0,8.6,14.3,5.3,0.0,True,False
907,2017-06-26,138040.38,104.31549,138040.38,104.31549,0.0,0.0,0.0,8.8,12.6,7.8,1.4,True,False
908,2017-06-27,144526.62,100.19934,144526.62,100.19934,0.0,0.0,0.0,6.0,12.1,4.4,0.0,True,False
909,2017-06-28,141351.89,98.5381,141351.89,98.5381,0.0,0.0,0.0,6.8,14.1,5.4,0.0,True,False
910,2017-06-29,138124.06,102.52504,138124.06,102.52504,0.0,0.0,0.0,9.2,13.7,5.0,0.0,True,False
911,2017-06-30,139275.78,124.684044,139275.78,124.684044,0.0,0.0,0.0,7.1,12.3,8.4,4.4,False,False
912,2017-07-01,125949.5,114.75708,125949.5,114.75708,0.0,0.0,0.0,1.1,12.7,9.3,0.0,False,False
913,2017-07-02,120137.45,110.10928,120137.45,110.10928,0.0,0.0,0.0,0.8,14.3,9.2,0.0,False,False
914,2017-07-03,139765.31,150.61276,139765.31,150.61276,0.0,0.0,0.0,3.8,13.9,3.9,0.0,False,False
915,2017-07-04,134029.81,132.54552,134029.81,132.54552,0.0,0.0,0.0,9.0,16.2,6.4,3.0,False,False
916,2017-07-05,134084.67,146.17613,134084.67,146.17613,0.0,0.0,0.0,10.1,15.8,6.5,0.0,False,False
917,2017-07-06,137899.72,141.67937,137899.72,141.67937,0.0,0.0,0.0,4.8,15.0,8.7,0.0,False,False
918,2017-07-07,134078.06,131.26538,134078.06,131.26538,0.0,0.0,0.0,8.0,14.2,9.4,0.0,False,False
919,2017-07-08,123687.97,129.1354,123687.97,129.1354,0.0,0.0,0.0,5.3,13.5,5.1,0.0,False,False
920,2017-07-09,116064.03,115.1296,116064.03,115.1296,0.0,0.0,0.0,7.3,14.6,7.3,0.8,False,False
921,2017-07-10,133132.33,123.97393,133132.33,123.97393,0.0,0.0,0.0,7.0,16.0,5.7,0.0,False,False
922,2017-07-11,137352.78,148.67949,137352.78,148.67949,0.0,0.0,0.0,6.9,14.3,9.7,0.4,False,False
923,2017-07-12,138152.11,117.95324,138152.11,117.95324,0.0,0.0,0.0,3.2,15.1,9.8,0.0,False,False
924,2017-07-13,134622.39,106.148766,134622.39,106.148766,0.0,0.0,0.0,4.8,13.3,5.5,0.0,False,False
925,2017-07-14,131387.75,111.39498,131387.75,111.39498,0.0,0.0,0.0,9.9,15.9,8.6,2.0,False,False
926,2017-07-15,124486.695,136.10655,124486.695,136.10655,0.0,0.0,0.0,4.5,12.0,9.4,0.0,False,False
927,2017-07-16,119927.64,102.14914,119927.64,102.14914,0.0,0.0,0.0,3.0,12.5,7.8,0.0,False,False
928,2017-07-17,131868.23,99.85164,131868.23,99.85164,0.0,0.0,0.0,5.7,15.3,6.3,0.0,False,False
929,2017-07-18,136121.83,109.99697,136121.83,109.99697,0.0,0.0,0.0,9.7,14.5,5.8,0.2,True,False
930,2017-07-19,133906.27,109.56055,133906.27,109.56055,0.0,0.0,0.0,8.9,13.2,7.7,5.0,True,False
931,2017-07-20,139316.3,133.7365,139316.3,133.7365,0.0,0.0,0.0,7.9,10.7,5.9,0.6,True,False
932,2017-07-21,140073.89,130.19272,140073.89,130.19272,0.0,0.0,0.0,3.3,13.8,10.3,4.2,True,False
933,2017-07-22,122397.13,91.65608,122397.13,91.65608,0.0,0.0,0.0,5.4,12.4,7.0,0.0,True,False
934,2017-07-23,118007.664,107.892334,118007.664,107.892334,0.0,0.0,0.0,8.4,14.1,5.4,0.0,True,False
935,2017-07-24,136330.6,122.65448,136330.6,122.65448,0.0,0.0,0.0,8.1,16.1,8.3,7.0,True,False
936,2017-07-25,129699.266,113.033615,129699.266,113.033615,0.0,0.0,0.0,9.8,17.2,9.0,0.0,True,False
937,2017-07-26,133198.34,117.280846,133198.34,117.280846,0.0,0.0,0.0,10.9,15.0,8.7,2.4,True,False
938,2017-07-27,136003.92,117.315475,136003.92,117.315475,0.0,0.0,0.0,4.4,14.2,8.7,2.0,True,False
939,2017-07-28,130432.05,111.30697,130432.05,111.30697,0.0,0.0,0.0,6.2,14.3,9.8,2.8,True,False
940,2017-07-29,111331.234,93.4531,111331.234,93.4531,0.0,0.0,0.0,9.7,17.9,10.1,0.0,True,False
941,2017-07-30,107580.49,91.41617,107580.49,91.41617,0.0,0.0,0.0,11.3,18.1,8.3,0.0,True,False
942,2017-07-31,132276.88,137.47668,132276.88,137.47668,0.0,0.0,0.0,6.7,14.8,11.5,0.0,True,False
943,2017-08-01,137617.88,137.97542,137617.88,137.97542,0.0,0.0,0.0,3.5,15.5,11.5,0.0,True,False
944,2017-08-02,140729.19,113.49233,140729.19,113.49233,0.0,0.0,0.0,3.4,12.9,7.5,0.0,True,False
945,2017-08-03,151355.44,169.23383,151355.44,169.23383,0.0,0.0,0.0,3.1,9.0,4.4,0.0,True,False
946,2017-08-04,141647.89,110.35173,141647.89,110.35173,0.0,0.0,0.0,4.3,12.1,7.2,6.6,True,False
947,2017-08-05,116696.45,82.76667,116696.45,82.76667,0.0,0.0,0.0,8.8,14.2,11.7,0.0,True,False
948,2017-08-06,117351.14,86.2022,117351.14,86.2022,0.0,0.0,0.0,9.0,13.0,8.2,0.0,True,False
949,2017-08-07,138963.17,111.48901,138963.17,111.48901,0.0,0.0,0.0,7.7,12.3,7.3,4.2,True,False
950,2017-08-08,139108.44,111.55138,139108.44,111.55138,0.0,0.0,0.0,7.9,15.0,7.5,2.2,True,False
951,2017-08-09,130044.375,105.283104,130044.375,105.283104,0.0,0.0,0.0,8.9,16.8,11.5,0.0,True,False
952,2017-08-10,122361.92,86.91655,122361.92,86.91655,0.0,0.0,0.0,11.4,18.8,8.4,0.0,True,False
953,2017-08-11,122862.34,78.92564,122862.34,78.92564,0.0,0.0,0.0,10.3,16.4,9.3,0.0,True,False
954,2017-08-12,113669.45,77.12359,113669.45,77.12359,0.0,0.0,0.0,10.3,17.9,9.9,2.8,True,False
955,2017-08-13,106274.56,68.294174,106274.56,68.294174,0.0,0.0,0.0,9.4,18.7,11.1,2.0,True,False
956,2017-08-14,121533.95,101.3996,121533.95,101.3996,0.0,0.0,0.0,12.3,20.1,12.6,0.0,True,False
957,2017-08-15,127193.3,99.086174,127193.3,99.086174,0.0,0.0,0.0,10.4,17.5,3.2,0.2,True,False
958,2017-08-16,121445.38,72.16482,121445.38,72.16482,0.0,0.0,0.0,12.1,18.1,10.9,0.8,True,False
959,2017-08-17,129223.805,73.71456,129223.805,73.71456,0.0,0.0,0.0,9.3,15.6,9.1,1.8,True,False
960,2017-08-18,133562.98,92.107544,133562.98,92.107544,0.0,0.0,0.0,8.0,12.2,9.4,2.8,True,False
961,2017-08-19,124852.67,97.96893,124852.67,97.96893,0.0,0.0,0.0,5.9,11.8,11.6,7.2,True,False
962,2017-08-20,119798.99,92.81588,119798.99,92.81588,0.0,0.0,0.0,5.1,13.3,13.9,2.0,True,False
963,2017-08-21,140410.3,108.906685,140410.3,108.906685,0.0,0.0,0.0,6.8,12.7,7.9,0.6,True,False
964,2017-08-22,133809.45,107.938095,133809.45,107.938095,0.0,0.0,0.0,5.7,16.8,11.1,1.6,True,False
965,2017-08-23,133056.81,106.64751,133056.81,106.64751,0.0,0.0,0.0,8.3,18.1,9.7,0.0,True,False
966,2017-08-24,135619.94,118.91869,135619.94,118.91869,0.0,0.0,0.0,5.2,13.3,13.0,9.2,True,False
967,2017-08-25,133666.58,120.172325,133666.58,120.172325,0.0,0.0,0.0,4.9,15.0,13.3,0.6,True,False
968,2017-08-26,117444.1,93.65754,117444.1,93.65754,0.0,0.0,0.0,9.9,15.3,8.5,0.0,True,False
969,2017-08-27,115177.94,93.11748,115177.94,93.11748,0.0,0.0,0.0,5.8,10.7,11.8,7.8,True,False
970,2017-08-28,139414.5,163.40926,139414.5,163.40926,0.0,0.0,0.0,5.8,11.8,14.6,0.6,True,False
971,2017-08-29,139814.05,143.84804,139814.05,143.84804,0.0,0.0,0.0,5.4,12.9,9.1,0.0,True,False
972,2017-08-30,137513.47,118.295074,137513.47,118.295074,0.0,0.0,0.0,7.7,13.8,12.3,0.6,True,False
973,2017-08-31,133982.25,115.4257,133982.25,115.4257,0.0,0.0,0.0,4.0,16.7,15.9,0.2,True,False
974,2017-09-01,128707.42,102.27816,128707.42,102.27816,0.0,0.0,0.0,3.7,17.0,14.4,0.0,True,False
975,2017-09-02,114098.12,89.32992,114098.12,89.32992,0.0,0.0,0.0,7.3,18.4,6.3,0.0,True,False
976,2017-09-03,103964.33,67.07313,103964.33,67.07313,0.0,0.0,0.0,13.4,17.2,6.3,0.0,True,False
977,2017-09-04,128001.055,93.82662,128001.055,93.82662,0.0,0.0,0.0,8.8,13.7,13.4,0.4,True,False
978,2017-09-05,137696.67,95.60202,137696.67,95.60202,0.0,0.0,0.0,6.5,13.3,11.0,0.2,True,False
979,2017-09-06,134819.94,101.01738,134819.94,101.01738,0.0,0.0,0.0,6.7,15.1,11.0,4.8,True,False
980,2017-09-07,133405.72,93.02525,133405.72,93.02525,0.0,0.0,0.0,7.9,15.2,9.5,0.8,True,False
981,2017-09-08,132543.1,102.416084,132543.1,102.416084,0.0,0.0,0.0,8.0,13.5,13.1,3.2,True,False
982,2017-09-09,120454.01,96.91025,120454.01,96.91025,0.0,0.0,0.0,7.1,14.9,15.9,1.2,True,False
983,2017-09-10,114584.06,91.88391,114584.06,91.88391,0.0,0.0,0.0,5.3,16.1,12.3,0.2,True,False
984,2017-09-11,127169.03,86.68558,127169.03,86.68558,0.0,0.0,0.0,8.1,18.1,7.0,0.0,True,False
985,2017-09-12,130906.89,94.77297,130906.89,94.77297,0.0,0.0,0.0,12.2,19.9,3.5,0.2,True,False
986,2017-09-13,127192.31,88.36194,127192.31,88.36194,0.0,0.0,0.0,13.3,16.4,8.2,2.0,True,False
987,2017-09-14,131986.81,89.57361,131986.81,89.57361,0.0,0.0,0.0,5.8,15.3,10.8,1.4,True,False
988,2017-09-15,128761.6,89.2362,128761.6,89.2362,0.0,0.0,0.0,9.6,16.7,7.0,0.0,True,False
989,2017-09-16,111301.56,89.60759,111301.56,89.60759,0.0,0.0,0.0,7.4,13.3,16.7,21.4,True,False
990,2017-09-17,104766.0,75.5096,104766.0,75.5096,0.0,0.0,0.0,4.0,18.1,19.0,0.2,True,False
991,2017-09-18,115123.54,79.78345,115123.54,79.78345,0.0,0.0,0.0,10.5,22.0,15.7,0.0,True,False
992,2017-09-19,124033.95,92.37277,124033.95,92.37277,0.0,0.0,0.0,9.0,13.9,16.6,0.2,True,False
993,2017-09-20,123461.38,82.59561,123461.38,82.59561,0.0,0.0,0.0,6.0,19.2,17.3,0.0,True,False
994,2017-09-21,119309.93,74.95777,119309.93,74.95777,0.0,0.0,0.0,11.6,23.6,13.0,0.0,True,False
995,2017-09-22,116611.25,75.289116,116611.25,75.289116,0.0,0.0,0.0,12.8,25.6,15.6,0.0,False,False
996,2017-09-23,101012.29,63.017395,101012.29,63.017395,0.0,0.0,0.0,14.8,30.6,17.3,0.0,False,False
997,2017-09-24,92608.24,43.197346,92608.24,43.197346,0.0,0.0,0.0,12.9,19.9,12.0,0.4,False,False
998,2017-09-25,119126.484,71.241066,119126.484,71.241066,0.0,0.0,0.0,10.3,14.2,10.9,1.6,False,False
999,2017-09-26,124452.94,79.800224,124452.94,79.800224,0.0,0.0,0.0,5.0,15.1,20.4,0.4,False,False
1000,2017-09-27,119028.07,72.54551,119028.07,72.54551,0.0,0.0,0.0,9.6,24.6,11.7,0.0,False,False
1001,2017-09-28,116655.85,61.649555,116655.85,61.649555,0.0,0.0,0.0,10.4,18.5,12.8,0.0,False,False
1002,2017-09-29,102847.26,42.634674,102847.26,42.634674,0.0,0.0,0.0,10.6,18.4,14.5,0.0,False,True
1003,2017-09-30,100701.82,47.309944,100701.82,47.309944,0.0,0.0,0.0,11.0,15.4,16.1,1.0,False,False
1004,2017-10-01,103556.74,58.989628,103556.74,58.989628,0.0,0.0,0.0,9.7,17.2,9.2,0.0,False,False
1005,2017-10-02,119226.42,74.49716,119226.42,74.49716,0.0,0.0,0.0,9.5,16.4,16.4,0.0,False,False
1006,2017-10-03,118856.414,79.05914,118856.414,79.05914,0.0,0.0,0.0,6.8,22.3,21.8,0.0,False,False
1007,2017-10-04,114604.62,71.108734,114604.62,71.108734,0.0,0.0,0.0,8.5,20.8,21.6,0.0,False,False
1008,2017-10-05,113134.58,65.315735,113134.58,65.315735,0.0,0.0,0.0,11.7,19.4,10.4,0.0,False,False
1009,2017-10-06,118359.28,53.42904,118359.28,53.42904,0.0,0.0,0.0,10.1,15.0,16.8,2.4,False,False
1010,2017-10-07,101974.59,38.89411,101974.59,38.89411,0.0,0.0,0.0,7.2,23.7,17.3,0.2,False,False
1011,2017-10-08,97053.55,56.16035,97053.55,56.16035,0.0,0.0,0.0,11.1,25.3,19.5,0.0,False,False
1012,2017-10-09,111432.37,68.87949,111432.37,68.87949,0.0,0.0,0.0,14.0,18.7,16.7,2.4,False,False
1013,2017-10-10,116556.42,77.45231,116556.42,77.45231,0.0,0.0,0.0,8.0,18.8,23.6,0.2,True,False
1014,2017-10-11,114133.54,55.553223,114133.54,55.553223,0.0,0.0,0.0,9.8,25.6,7.5,0.0,True,False
1015,2017-10-12,113957.734,56.95928,113957.734,56.95928,0.0,0.0,0.0,10.5,19.2,15.6,10.0,True,False
1016,2017-10-13,117048.73,83.756744,117048.73,83.756744,0.0,0.0,0.0,13.1,16.7,12.5,0.0,True,False
1017,2017-10-14,102037.164,85.403885,102037.164,85.403885,0.0,0.0,0.0,8.2,16.1,23.6,0.0,True,False
1018,2017-10-15,98108.81,71.60289,98108.81,71.60289,0.0,0.0,0.0,6.8,17.6,24.5,0.0,True,False
1019,2017-10-16,115907.4,84.01323,115907.4,84.01323,0.0,0.0,0.0,11.3,28.6,23.8,0.0,True,False
1020,2017-10-17,117470.22,76.51585,117470.22,76.51585,0.0,0.0,0.0,12.8,30.2,24.9,0.0,True,False
1021,2017-10-18,121087.1,92.33412,121087.1,92.33412,0.0,0.0,0.0,14.5,30.9,25.1,0.0,True,False
1022,2017-10-19,118201.17,80.37672,118201.17,80.37672,0.0,0.0,0.0,21.7,25.6,9.8,0.0,True,False
1023,2017-10-20,108412.664,72.71584,108412.664,72.71584,0.0,0.0,0.0,11.3,16.2,24.0,2.6,True,False
1024,2017-10-21,102195.98,73.10834,102195.98,73.10834,0.0,0.0,0.0,11.0,15.4,12.8,0.0,True,False
1025,2017-10-22,100571.04,76.328224,100571.04,76.328224,0.0,0.0,0.0,11.1,16.0,13.0,0.0,True,False
1026,2017-10-23,115549.44,90.67567,115549.44,90.67567,0.0,0.0,0.0,11.9,19.0,21.8,0.0,True,False
1027,2017-10-24,118010.31,91.93047,118010.31,91.93047,0.0,0.0,0.0,12.1,20.5,18.7,0.2,True,False
1028,2017-10-25,115813.03,98.04241,115813.03,98.04241,0.0,0.0,0.0,13.3,18.5,12.5,11.4,True,False
1029,2017-10-26,117333.445,89.91123,117333.445,89.91123,0.0,0.0,0.0,12.9,16.8,12.2,0.2,True,False
1030,2017-10-27,112633.266,78.66088,112633.266,78.66088,0.0,0.0,0.0,10.3,27.4,26.1,0.0,True,False
1031,2017-10-28,100746.42,81.09447,100746.42,81.09447,0.0,0.0,0.0,15.0,21.4,16.8,0.4,True,False
1032,2017-10-29,92182.95,61.46253,92182.95,61.46253,0.0,0.0,0.0,11.5,28.6,27.1,0.0,True,False
1033,2017-10-30,112227.65,77.42179,112227.65,77.42179,0.0,0.0,0.0,8.8,17.0,17.0,4.4,True,False
1034,2017-10-31,116179.47,86.95726,116179.47,86.95726,0.0,0.0,0.0,8.1,16.4,24.8,6.0,True,False
1035,2017-11-01,116632.09,87.02754,116632.09,87.02754,0.0,0.0,0.0,11.9,18.0,14.2,0.4,True,False
1036,2017-11-02,120470.78,87.51016,120470.78,87.51016,0.0,0.0,0.0,11.3,17.4,17.0,1.4,True,False
1037,2017-11-03,113451.99,76.92585,113451.99,76.92585,0.0,0.0,0.0,9.4,16.6,20.5,1.4,True,False
1038,2017-11-04,101610.81,78.73458,101610.81,78.73458,0.0,0.0,0.0,8.3,15.8,24.6,0.4,True,False
1039,2017-11-05,95368.164,77.636604,95368.164,77.636604,0.0,0.0,0.0,6.4,17.6,24.1,0.0,True,False
1040,2017-11-06,104632.79,80.93422,104632.79,80.93422,0.0,0.0,0.0,10.9,16.1,18.9,0.0,True,False
1041,2017-11-07,100592.3,78.317764,100592.3,78.317764,0.0,0.0,0.0,10.0,15.8,18.8,3.4,True,True
1042,2017-11-08,111738.484,90.99576,111738.484,90.99576,0.0,0.0,0.0,12.1,16.9,25.4,0.0,True,False
1043,2017-11-09,113539.94,85.582596,113539.94,85.582596,0.0,0.0,0.0,8.7,21.8,28.8,0.0,True,False
1044,2017-11-10,115156.445,92.61554,115156.445,92.61554,0.0,0.0,0.0,12.1,27.2,23.7,0.0,True,False
1045,2017-11-11,104194.34,83.49494,104194.34,83.49494,0.0,0.0,0.0,14.8,24.7,28.8,0.0,True,False
1046,2017-11-12,98774.234,73.950066,97218.19,80.61116,1556.045,-342.22,0.020833334,13.2,23.3,25.0,0.0,True,False
1047,2017-11-13,125795.84,102.55368,125795.84,102.55368,0.0,0.0,0.0,13.7,33.0,29.5,0.0,True,False
1048,2017-11-14,135420.81,94.73168,135420.81,94.73168,0.0,0.0,0.0,18.2,33.9,29.5,0.0,True,False
1049,2017-11-15,130385.05,90.97416,130385.05,90.97416,0.0,0.0,0.0,21.5,31.4,16.9,0.0,True,False
1050,2017-11-16,116715.97,88.81611,116715.97,88.81611,0.0,0.0,0.0,18.1,21.3,4.8,3.6,True,False
1051,2017-11-17,117797.62,99.44627,117797.62,99.44627,0.0,0.0,0.0,16.4,26.8,22.9,4.2,True,False
1052,2017-11-18,106730.21,89.77028,106730.21,89.77028,0.0,0.0,0.0,16.1,28.1,20.1,0.0,True,False
1053,2017-11-19,101256.78,81.88132,101256.78,81.88132,0.0,0.0,0.0,15.1,29.3,27.5,24.8,True,False
1054,2017-11-20,128658.27,131.30093,128658.27,131.30093,0.0,0.0,0.0,16.6,30.8,28.6,0.0,True,False
1055,2017-11-21,137151.5,152.75476,137151.5,152.75476,0.0,0.0,0.0,17.8,32.9,29.5,0.0,True,False
1056,2017-11-22,138882.25,116.87984,138882.25,116.87984,0.0,0.0,0.0,18.7,32.6,30.6,0.0,True,False
1057,2017-11-23,135162.11,105.27167,135162.11,105.27167,0.0,0.0,0.0,16.2,31.9,18.9,0.0,True,False
1058,2017-11-24,133951.3,116.56179,133951.3,116.56179,0.0,0.0,0.0,18.6,30.7,13.8,1.0,True,False
1059,2017-11-25,121219.59,99.01042,121219.59,99.01042,0.0,0.0,0.0,19.3,32.5,17.0,0.4,True,False
1060,2017-11-26,108717.875,83.11452,108717.875,83.11452,0.0,0.0,0.0,19.4,28.3,,3.4,True,False
1061,2017-11-27,115429.01,84.608925,115429.01,84.608925,0.0,0.0,0.0,16.5,21.2,20.5,1.4,True,False
1062,2017-11-28,129798.47,130.50197,129798.47,130.50197,0.0,0.0,0.0,13.7,31.0,31.1,0.2,True,False
1063,2017-11-29,151730.95,166.55264,151730.95,166.55264,0.0,0.0,0.0,18.5,35.8,28.3,0.0,True,False
1064,2017-11-30,154632.33,131.49144,154632.33,131.49144,0.0,0.0,0.0,22.5,34.9,23.1,0.0,True,False
1065,2017-12-01,125141.9,87.1523,125141.9,87.1523,0.0,0.0,0.0,21.5,23.5,1.6,1.8,True,False
1066,2017-12-02,99234.22,66.25586,99234.22,66.25586,0.0,0.0,0.0,14.7,16.4,0.7,20.6,True,False
1067,2017-12-03,92487.7,67.758064,92487.7,67.758064,0.0,0.0,0.0,11.5,17.1,14.4,43.8,True,False
1068,2017-12-04,111625.98,84.041756,111625.98,84.041756,0.0,0.0,0.0,12.4,17.5,7.9,5.4,True,False
1069,2017-12-05,113063.67,82.84206,113063.67,82.84206,0.0,0.0,0.0,10.8,22.8,22.9,1.8,True,False
1070,2017-12-06,115383.13,89.56405,115383.13,89.56405,0.0,0.0,0.0,13.6,21.3,23.6,0.0,True,False
1071,2017-12-07,115736.97,102.591934,115736.97,102.591934,0.0,0.0,0.0,11.6,21.9,19.8,0.0,True,False
1072,2017-12-08,109568.47,87.46772,109568.47,87.46772,0.0,0.0,0.0,11.4,18.7,28.5,25.2,True,False
1073,2017-12-09,99334.8,82.980835,99334.8,82.980835,0.0,0.0,0.0,12.7,23.0,19.2,0.0,True,False
1074,2017-12-10,97715.01,81.089165,97715.01,81.089165,0.0,0.0,0.0,14.5,22.2,31.4,0.0,True,False
1075,2017-12-11,114680.19,97.60539,114680.19,97.60539,0.0,0.0,0.0,16.4,20.7,26.3,0.0,True,False
1076,2017-12-12,121945.17,104.995834,121945.17,104.995834,0.0,0.0,0.0,15.8,26.4,31.3,0.0,True,False
1077,2017-12-13,146933.1,94.49815,146933.1,94.49815,0.0,0.0,0.0,15.8,37.6,32.0,0.0,True,False
1078,2017-12-14,129280.81,101.86525,129280.81,101.86525,0.0,0.0,0.0,20.5,23.1,21.7,0.0,True,False
1079,2017-12-15,120821.055,105.43586,120821.055,105.43586,0.0,0.0,0.0,14.1,26.4,32.1,0.0,True,False
1080,2017-12-16,110154.36,99.47542,110154.36,99.47542,0.0,0.0,0.0,13.8,24.6,31.0,0.0,True,False
1081,2017-12-17,107212.84,82.049324,107212.84,82.049324,0.0,0.0,0.0,15.7,24.5,30.5,0.0,True,False
1082,2017-12-18,138949.67,117.26538,138949.67,117.26538,0.0,0.0,0.0,17.1,33.0,22.1,0.0,True,False
1083,2017-12-19,142870.39,106.49773,142870.39,106.49773,0.0,0.0,0.0,19.7,37.4,12.1,0.0,True,False
1084,2017-12-20,114916.99,78.7376,114916.99,78.7376,0.0,0.0,0.0,15.8,24.5,19.0,20.6,True,False
1085,2017-12-21,114462.53,85.77543,114462.53,85.77543,0.0,0.0,0.0,12.3,23.7,31.9,0.0,True,False
1086,2017-12-22,116428.79,81.59886,116428.79,81.59886,0.0,0.0,0.0,13.6,27.7,26.6,0.0,False,False
1087,2017-12-23,109364.01,79.89885,109364.01,79.89885,0.0,0.0,0.0,14.7,30.2,21.2,0.0,False,False
1088,2017-12-24,92856.23,58.939114,92856.23,58.939114,0.0,0.0,0.0,15.8,19.4,25.7,0.4,False,False
1089,2017-12-25,85094.375,44.9003,85094.375,44.9003,0.0,0.0,0.0,15.1,21.4,29.0,0.0,False,True
1090,2017-12-26,98638.85,72.845245,98638.85,72.845245,0.0,0.0,0.0,12.5,30.5,31.9,0.0,False,True
1091,2017-12-27,128753.76,113.6548,128753.76,113.6548,0.0,0.0,0.0,17.3,34.5,30.6,0.0,False,False
1092,2017-12-28,130699.16,109.49269,130699.16,109.49269,0.0,0.0,0.0,24.0,32.8,13.5,0.0,False,False
1093,2017-12-29,115572.05,93.83409,115572.05,93.83409,0.0,0.0,0.0,18.6,24.4,9.3,0.2,False,False
1094,2017-12-30,96358.98,59.47517,96358.98,59.47517,0.0,0.0,0.0,15.6,21.3,13.6,8.4,False,False
1095,2017-12-31,95700.48,61.49347,95700.48,61.49347,0.0,0.0,0.0,12.0,25.7,31.7,0.2,False,False
1096,2018-01-01,95959.69,71.81775,95959.69,71.81775,0.0,0.0,0.0,16.6,25.3,31.4,0.0,False,True
1097,2018-01-02,105277.85,69.387726,105277.85,69.387726,0.0,0.0,0.0,16.4,21.8,29.7,0.0,False,False
1098,2018-01-03,106373.83,67.23811,106373.83,67.23811,0.0,0.0,0.0,14.6,21.0,27.2,0.0,False,False
1099,2018-01-04,113337.69,78.73819,113337.69,78.73819,0.0,0.0,0.0,14.1,23.6,31.8,0.2,False,False
1100,2018-01-05,123247.734,90.82817,123247.734,90.82817,0.0,0.0,0.0,14.7,30.7,31.7,0.0,False,False
1101,2018-01-06,133705.84,75.591385,133705.84,75.591385,0.0,0.0,0.0,18.8,41.7,31.5,0.0,False,False
1102,2018-01-07,107142.81,80.97604,107142.81,80.97604,0.0,0.0,0.0,18.7,21.8,11.0,0.0,False,False
1103,2018-01-08,118832.07,87.93158,118832.07,87.93158,0.0,0.0,0.0,17.3,21.9,17.5,0.0,False,False
1104,2018-01-09,111361.05,76.71739,111361.05,76.71739,0.0,0.0,0.0,15.7,22.5,30.0,0.0,False,False
1105,2018-01-10,116530.04,80.21227,116530.04,80.21227,0.0,0.0,0.0,13.6,25.6,23.5,0.0,False,False
1106,2018-01-11,139607.9,87.80266,139607.9,87.80266,0.0,0.0,0.0,15.5,34.5,28.6,0.0,False,False
1107,2018-01-12,132022.88,94.00072,132022.88,94.00072,0.0,0.0,0.0,20.4,30.0,1.7,1.0,False,False
1108,2018-01-13,98977.05,73.27654,98977.05,73.27654,0.0,0.0,0.0,16.0,20.9,10.7,7.0,False,False
1109,2018-01-14,92021.68,66.659584,92021.68,66.659584,0.0,0.0,0.0,12.7,19.5,27.5,15.0,False,False
1110,2018-01-15,109389.09,86.37852,109389.09,86.37852,0.0,0.0,0.0,14.6,20.9,21.1,0.0,False,False
1111,2018-01-16,116074.03,92.836876,116074.03,92.836876,0.0,0.0,0.0,12.9,26.9,31.1,0.0,False,False
1112,2018-01-17,129286.37,100.27743,129286.37,100.27743,0.0,0.0,0.0,12.4,30.3,30.9,0.0,False,False
1113,2018-01-18,154648.06,1210.138,154648.06,1210.138,0.0,0.0,0.0,16.6,40.0,30.8,0.0,False,False
1114,2018-01-19,165070.6,647.57416,165070.6,647.57416,0.0,0.0,0.0,22.5,40.3,30.6,0.0,False,False
1115,2018-01-20,124825.02,94.10481,124825.02,94.10481,0.0,0.0,0.0,20.3,24.6,20.2,0.0,False,False
1116,2018-01-21,127305.2,121.711975,127305.2,121.711975,0.0,0.0,0.0,21.0,28.2,14.9,0.0,False,False
1117,2018-01-22,137955.42,115.129486,137955.42,115.129486,0.0,0.0,0.0,20.5,23.9,27.3,0.0,False,False
1118,2018-01-23,128314.47,102.37411,128314.47,102.37411,0.0,0.0,0.0,18.0,23.6,28.3,0.0,False,False
1119,2018-01-24,128899.766,103.42787,128899.766,103.42787,0.0,0.0,0.0,14.8,23.3,27.5,0.0,False,False
1120,2018-01-25,139245.2,155.5028,139245.2,155.5028,0.0,0.0,0.0,17.1,26.6,28.1,0.0,False,False
1121,2018-01-26,128599.46,91.43489,128599.46,91.43489,0.0,0.0,0.0,19.4,28.4,19.9,0.0,False,True
1122,2018-01-27,139114.58,104.878876,139114.58,104.878876,0.0,0.0,0.0,21.2,33.2,27.5,3.4,False,False
1123,2018-01-28,159436.69,290.41965,159436.69,290.41965,0.0,0.0,0.0,22.7,38.1,28.5,0.0,False,False
1124,2018-01-29,160437.56,107.657425,160437.56,107.657425,0.0,0.0,0.0,27.8,33.5,7.3,0.0,False,False
1125,2018-01-30,115239.57,78.57444,115239.57,78.57444,0.0,0.0,0.0,15.6,21.0,14.1,38.8,False,False
1126,2018-01-31,108524.18,65.21756,108524.18,65.21756,0.0,0.0,0.0,14.6,19.1,19.6,0.0,True,False
1127,2018-02-01,109949.21,72.41223,109949.21,72.41223,0.0,0.0,0.0,12.1,22.5,28.9,0.2,True,False
1128,2018-02-02,112946.34,80.45435,112946.34,80.45435,0.0,0.0,0.0,13.4,22.1,28.4,0.0,True,False
1129,2018-02-03,104947.33,86.517006,104947.33,86.517006,0.0,0.0,0.0,15.8,28.1,26.7,0.0,True,False
1130,2018-02-04,106065.94,98.921844,106065.94,98.921844,0.0,0.0,0.0,14.7,25.7,28.5,0.0,True,False
1131,2018-02-05,126465.96,103.83019,126465.96,103.83019,0.0,0.0,0.0,17.0,25.7,24.0,0.0,True,False
1132,2018-02-06,137539.72,104.22963,137539.72,104.22963,0.0,0.0,0.0,17.7,29.9,27.6,0.0,True,False
1133,2018-02-07,159307.31,624.2609,159307.31,624.2609,0.0,0.0,0.0,18.7,37.4,27.1,0.0,True,False
1134,2018-02-08,149473.02,106.65263,146959.73,111.1773,2513.275,-157.92,0.020833334,20.6,27.5,15.8,0.0,True,False
1135,2018-02-09,137101.88,113.70608,137101.88,113.70608,0.0,0.0,0.0,20.4,24.9,17.2,0.0,True,False
1136,2018-02-10,118113.8,83.52153,118113.8,83.52153,0.0,0.0,0.0,18.7,30.3,6.6,0.0,True,False
1137,2018-02-11,100440.29,66.272354,100440.29,66.272354,0.0,0.0,0.0,15.5,21.2,18.5,0.0,True,False
1138,2018-02-12,116209.13,93.173935,116209.13,93.173935,0.0,0.0,0.0,16.3,23.6,22.2,0.0,True,False
1139,2018-02-13,124882.72,99.609436,124882.72,99.609436,0.0,0.0,0.0,13.6,29.0,26.0,0.0,True,False
1140,2018-02-14,115269.5,72.046425,112721.75,73.7788,2547.75,-4.6,0.020833334,17.5,23.3,22.8,0.0,True,False
1141,2018-02-15,117260.24,83.187744,117260.24,83.187744,0.0,0.0,0.0,13.5,24.2,18.4,0.0,True,False
1142,2018-02-16,114736.35,86.83535,114736.35,86.83535,0.0,0.0,0.0,15.7,22.2,24.8,0.0,True,False
1143,2018-02-17,105799.94,82.75831,105799.94,82.75831,0.0,0.0,0.0,12.4,25.3,24.1,0.0,True,False
1144,2018-02-18,105085.516,77.337616,105085.516,77.337616,0.0,0.0,0.0,13.6,24.0,20.5,0.0,True,False
1145,2018-02-19,113116.42,74.677826,113116.42,74.677826,0.0,0.0,0.0,17.6,25.4,20.9,0.8,True,False
1146,2018-02-20,120035.38,78.800514,120035.38,78.800514,0.0,0.0,0.0,14.1,29.5,25.5,0.0,True,False
1147,2018-02-21,124481.414,84.55574,124481.414,84.55574,0.0,0.0,0.0,16.0,29.3,16.0,0.0,True,False
1148,2018-02-22,133607.06,88.84784,133607.06,88.84784,0.0,0.0,0.0,20.3,31.0,16.8,0.0,True,False
1149,2018-02-23,136328.34,85.713196,136328.34,85.713196,0.0,0.0,0.0,21.2,33.5,13.4,0.2,True,False
1150,2018-02-24,119226.44,75.070656,119226.44,75.070656,0.0,0.0,0.0,22.7,31.6,4.8,0.4,True,False
1151,2018-02-25,96305.07,55.999393,96305.07,55.999393,0.0,0.0,0.0,16.2,19.8,10.0,0.0,True,False
1152,2018-02-26,117952.37,76.80551,117952.37,76.80551,0.0,0.0,0.0,14.3,26.5,24.3,0.0,True,False
1153,2018-02-27,127894.28,73.6354,127894.28,73.6354,0.0,0.0,0.0,14.9,31.3,24.0,0.0,True,False
1154,2018-02-28,123400.17,69.09284,123400.17,69.09284,0.0,0.0,0.0,20.0,30.9,19.6,0.0,True,False
1155,2018-03-01,117346.26,78.601616,117346.26,78.601616,0.0,0.0,0.0,16.2,20.5,17.7,0.8,True,False
1156,2018-03-02,119960.33,91.86653,119960.33,91.86653,0.0,0.0,0.0,14.5,22.8,19.6,0.4,True,False
1157,2018-03-03,111096.305,80.624054,111096.305,80.624054,0.0,0.0,0.0,13.9,32.7,21.8,0.0,True,False
1158,2018-03-04,101334.2,72.59907,101334.2,72.59907,0.0,0.0,0.0,15.8,21.0,22.2,0.0,True,False
1159,2018-03-05,112527.28,70.615555,112527.28,70.615555,0.0,0.0,0.0,14.9,21.1,16.6,0.0,True,False
1160,2018-03-06,113850.81,61.354687,113850.81,61.354687,0.0,0.0,0.0,12.5,27.6,22.6,0.0,True,False
1161,2018-03-07,122717.5,73.26755,122717.5,73.26755,0.0,0.0,0.0,14.4,28.5,22.4,0.0,True,False
1162,2018-03-08,128732.59,94.57427,128732.59,94.57427,0.0,0.0,0.0,14.9,30.5,22.1,0.0,True,False
1163,2018-03-09,127805.484,99.1705,127805.484,99.1705,0.0,0.0,0.0,14.6,28.8,21.9,0.0,True,False
1164,2018-03-10,120398.88,91.98844,120398.88,91.98844,0.0,0.0,0.0,14.3,35.1,21.6,0.0,True,False
1165,2018-03-11,104486.18,74.15265,104486.18,74.15265,0.0,0.0,0.0,17.0,22.8,14.3,0.0,True,False
1166,2018-03-12,97542.31,63.452206,97542.31,63.452206,0.0,0.0,0.0,16.7,20.9,10.2,0.0,True,True
1167,2018-03-13,112663.625,77.09496,112663.625,77.09496,0.0,0.0,0.0,14.6,20.5,18.8,2.2,True,False
1168,2018-03-14,114195.35,97.281746,114195.35,97.281746,0.0,0.0,0.0,12.8,21.3,17.7,0.0,True,False
1169,2018-03-15,116045.27,101.69094,116045.27,101.69094,0.0,0.0,0.0,15.3,20.8,13.9,0.0,True,False
1170,2018-03-16,116284.34,92.59423,116284.34,92.59423,0.0,0.0,0.0,12.5,24.4,15.0,0.0,True,False
1171,2018-03-17,110715.12,75.229996,110715.12,75.229996,0.0,0.0,0.0,15.4,32.0,15.1,0.0,True,False
1172,2018-03-18,97262.7,62.87276,97262.7,62.87276,0.0,0.0,0.0,22.6,23.1,13.4,0.0,True,False
1173,2018-03-19,111617.945,77.170166,111617.945,77.170166,0.0,0.0,0.0,13.2,28.0,17.8,0.0,True,False
1174,2018-03-20,110794.26,72.755165,110794.26,72.755165,0.0,0.0,0.0,15.4,19.2,9.5,0.2,True,False
1175,2018-03-21,111254.31,71.19835,111254.31,71.19835,0.0,0.0,0.0,11.2,25.1,18.3,0.0,True,False
1176,2018-03-22,115020.51,77.280426,115020.51,77.280426,0.0,0.0,0.0,12.3,28.1,19.0,0.0,True,False
1177,2018-03-23,119298.33,78.64044,119298.33,78.64044,0.0,0.0,0.0,15.2,29.4,18.8,0.0,True,False
1178,2018-03-24,112312.695,71.96662,112312.695,71.96662,0.0,0.0,0.0,20.2,24.2,5.4,0.0,True,False
1179,2018-03-25,98918.516,40.256706,97211.06,42.02556,1707.455,-60.45,0.020833334,17.8,25.4,11.6,13.0,True,False
1180,2018-03-26,112488.22,70.83068,112488.22,70.83068,0.0,0.0,0.0,10.7,18.5,11.9,5.2,True,False
1181,2018-03-27,116809.37,64.5692,116809.37,64.5692,0.0,0.0,0.0,9.6,22.6,14.0,1.2,True,False
1182,2018-03-28,117744.01,72.11195,117744.01,72.11195,0.0,0.0,0.0,11.3,30.3,17.8,0.0,True,False
1183,2018-03-29,116457.26,79.36508,116457.26,79.36508,0.0,0.0,0.0,16.5,21.8,14.2,0.0,False,False
1184,2018-03-30,97070.34,69.45287,97070.34,69.45287,0.0,0.0,0.0,12.2,23.3,14.3,0.0,False,True
1185,2018-03-31,99687.64,81.40677,99687.64,81.40677,0.0,0.0,0.0,13.2,22.4,16.7,0.0,False,True
1186,2018-04-01,98817.03,73.96784,98817.03,73.96784,0.0,0.0,0.0,13.0,27.7,11.0,0.0,False,True
1187,2018-04-02,98258.25,62.410103,98258.25,62.410103,0.0,0.0,0.0,14.9,20.9,14.4,0.0,False,True
1188,2018-04-03,113381.53,80.11074,113381.53,80.11074,0.0,0.0,0.0,13.4,19.8,13.9,0.0,False,False
1189,2018-04-04,115974.61,90.07374,115974.61,90.07374,0.0,0.0,0.0,13.3,20.6,16.6,0.0,False,False
1190,2018-04-05,117551.695,86.89193,117551.695,86.89193,0.0,0.0,0.0,13.3,18.7,9.0,0.0,False,False
1191,2018-04-06,115979.07,85.687904,115979.07,85.687904,0.0,0.0,0.0,13.8,21.2,14.8,0.0,False,False
1192,2018-04-07,105938.48,84.89743,105938.48,84.89743,0.0,0.0,0.0,9.8,21.6,16.0,0.0,False,False
1193,2018-04-08,100571.164,58.23872,100571.164,58.23872,0.0,0.0,0.0,11.8,29.9,14.7,0.0,False,False
1194,2018-04-09,118702.92,91.69364,118702.92,91.69364,0.0,0.0,0.0,15.9,25.7,13.6,0.0,False,False
1195,2018-04-10,122423.01,76.33365,122423.01,76.33365,0.0,0.0,0.0,14.8,28.8,5.9,0.0,False,False
1196,2018-04-11,121944.99,75.04095,121944.99,75.04095,0.0,0.0,0.0,18.1,27.3,10.9,0.0,False,False
1197,2018-04-12,119876.63,77.71452,119876.63,77.71452,0.0,0.0,0.0,15.9,26.5,7.4,0.0,False,False
1198,2018-04-13,113609.76,69.7632,113609.76,69.7632,0.0,0.0,0.0,11.9,25.9,14.4,0.0,False,False
1199,2018-04-14,105135.305,37.741398,103011.38,38.58657,2123.92,-3.25,0.020833334,13.5,16.1,3.1,0.0,False,False
